season,position,team,matchs,points,wins,draws,losses,goalsScored,goalsConceded,goalDifference
1966-1967,1,JUVENTUS,34,49,18,13,3,44,19,25
1966-1967,2,Inter,34,48,19,10,5,59,22,37
1966-1967,3,Bologna,34,45,18,9,7,48,27,21
1966-1967,4,Napoli,34,44,17,10,7,46,23,23
1966-1967,5,Fiorentina,34,43,15,13,6,53,29,24
1966-1967,6,Cagliari,34,40,13,14,7,35,17,18
1966-1967,7,Torino,34,38,10,18,6,33,26,7
1966-1967,8,Milan,34,37,11,15,8,36,32,4
1966-1967,9,Mantova,34,34,6,22,6,22,23,-1
1966-1967,10,Roma,34,33,11,11,12,35,39,-4
1966-1967,11,Atalanta,34,31,9,13,12,28,43,-15
1966-1967,12,Spal,34,29,8,13,13,28,36,-8
1966-1967,13,Vicenza,34,28,7,14,13,26,39,-13
1966-1967,14,Brescia,34,28,7,14,13,22,40,-18
1966-1967,15,Lazio,34,27,6,15,13,20,35,-15
1966-1967,16,Foggia,34,24,7,10,17,28,49,-21
1966-1967,17,Venezia,34,17,4,9,21,29,57,-28
1966-1967,18,Lecco,34,17,3,11,20,21,57,-36
1967-1968,1,MILAN,30,46,18,10,2,53,24,29
1967-1968,2,Napoli,30,37,13,11,6,34,24,10
1967-1968,3,Juventus,30,36,13,10,7,33,29,4
1967-1968,4,Fiorentina,30,35,13,9,8,35,23,12
1967-1968,5,Inter,30,33,13,7,10,46,34,12
1967-1968,6,Bologna,30,33,11,11,8,30,23,7
1967-1968,7,Torino,30,32,12,8,10,44,31,13
1967-1968,8,Varese,30,32,12,8,10,28,27,1
1967-1968,9,Cagliari,30,31,12,7,11,44,38,6
1967-1968,10,Sampdoria,30,27,6,15,9,27,34,-7
1967-1968,11,Roma,30,27,7,13,10,25,35,-10
1967-1968,12,Vicenza,30,25,8,9,13,22,30,-8
1967-1968,13,Atalanta,30,25,10,5,15,26,42,-16
1967-1968,14,Spal,30,22,10,2,18,24,38,-14
1967-1968,15,Brescia,30,22,8,6,16,20,35,-15
1967-1968,16,Mantova,30,17,3,11,16,13,37,-24
1968-1969,1,FIORENTINA,30,45,16,13,1,38,18,20
1968-1969,2,Cagliari,30,41,14,13,3,41,18,23
1968-1969,3,Milan,30,41,14,13,3,31,12,19
1968-1969,4,Inter,30,36,14,8,8,55,26,29
1968-1969,5,Juventus,30,35,12,11,7,32,24,8
1968-1969,6,Torino,30,33,11,11,8,33,24,9
1968-1969,7,Napoli,30,32,10,12,8,26,25,1
1968-1969,8,Roma,30,30,10,10,10,35,35,0
1968-1969,9,Bologna,30,29,10,9,11,27,36,-9
1968-1969,10,Verona,30,26,9,8,13,40,49,-9
1968-1969,11,Palermo,30,25,7,11,12,21,32,-11
1968-1969,12,Sampdoria,30,23,5,13,12,21,27,-6
1968-1969,13,Vicenza,30,23,8,7,15,26,39,-13
1968-1969,14,Varese,30,22,5,12,13,20,43,-23
1968-1969,15,Pisa,30,20,6,8,16,26,44,-18
1968-1969,16,Atalanta,30,19,4,11,15,25,45,-20
1969-1970,1,CAGLIARI,30,45,17,11,2,42,11,31
1969-1970,2,Inter,30,41,16,9,5,41,19,22
1969-1970,3,Juventus,30,38,15,8,7,43,20,23
1969-1970,4,Milan,30,36,13,10,7,38,24,14
1969-1970,5,Fiorentina,30,36,15,6,9,40,33,7
1969-1970,6,Napoli,30,31,10,11,9,24,21,3
1969-1970,7,Torino,30,30,11,8,11,20,31,-11
1969-1970,8,Lazio,30,29,11,7,12,33,32,1
1969-1970,9,Vicenza,30,29,11,7,12,32,31,1
1969-1970,10,Bologna,30,28,6,16,8,22,24,-2
1969-1970,11,Roma,30,28,8,12,10,27,36,-9
1969-1970,12,Verona,30,26,8,10,12,26,30,-4
1969-1970,13,Sampdoria,30,24,6,12,12,22,37,-15
1969-1970,14,Brescia,30,20,5,10,15,20,35,-15
1969-1970,15,Palermo,30,20,5,10,15,23,45,-22
1969-1970,16,Bari,30,19,5,9,16,11,35,-24
1970-1971,1,INTER,30,46,19,8,3,50,26,24
1970-1971,2,Milan,30,42,15,12,3,54,26,28
1970-1971,3,Napoli,30,39,15,9,6,33,19,14
1970-1971,4,Juventus,30,35,11,13,6,41,30,11
1970-1971,5,Bologna,30,34,10,14,6,30,24,6
1970-1971,6,Roma,30,32,7,18,5,32,25,7
1970-1971,7,Cagliari,30,30,8,14,8,33,35,-2
1970-1971,8,Torino,30,26,6,14,10,27,30,-3
1970-1971,9,Varese,30,26,5,16,9,29,33,-4
1970-1971,10,Vicenza,30,26,6,14,10,23,31,-8
1970-1971,11,Verona,30,26,7,12,11,23,35,-12
1970-1971,12,Sampdoria,30,25,6,13,11,30,34,-4
1970-1971,13,Fiorentina,30,25,3,19,8,26,32,-6
1970-1971,14,Foggia,30,25,6,13,11,28,43,-15
1970-1971,15,Lazio,30,22,5,12,13,28,43,-15
1970-1971,16,Catania,30,21,5,11,14,18,39,-21
1971-1972,1,JUVENTUS,30,43,17,9,4,48,24,24
1971-1972,2,Milan,30,42,16,10,4,36,17,19
1971-1972,3,Torino,30,42,17,8,5,39,25,14
1971-1972,4,Cagliari,30,39,15,9,6,39,23,16
1971-1972,5,Inter,30,36,13,10,7,49,28,21
1971-1972,6,Fiorentina,30,36,12,12,6,28,20,8
1971-1972,7,Roma,30,35,13,9,8,37,31,6
1971-1972,8,Napoli,30,28,6,16,8,27,31,-4
1971-1972,9,Sampdoria,30,28,8,12,10,23,28,-5
1971-1972,10,Atalanta,30,26,9,8,13,21,26,-5
1971-1972,11,Bologna,30,25,7,11,12,28,36,-8
1971-1972,12,Vicenza,30,23,8,7,15,30,43,-13
1971-1972,13,Verona,30,22,4,14,12,21,36,-15
1971-1972,14,Mantova,30,21,6,9,15,23,39,-16
1971-1972,15,Catanzaro,30,21,3,15,12,17,34,-17
1971-1972,16,Varese,30,13,1,11,18,17,42,-25
1972-1973,1,JUVENTUS,30,45,18,9,3,45,22,23
1972-1973,2,Milan,30,44,18,8,4,65,33,32
1972-1973,3,Lazio,30,43,16,11,3,33,16,17
1972-1973,4,Fiorentina,30,37,16,5,9,39,26,13
1972-1973,5,Inter,30,37,15,7,8,32,23,9
1972-1973,6,Torino,30,31,11,9,10,33,21,12
1972-1973,7,Bologna,30,31,11,9,10,33,31,2
1972-1973,8,Cagliari,30,29,9,11,10,26,28,-2
1972-1973,9,Napoli,30,28,7,14,9,18,20,-2
1972-1973,10,Verona,30,26,5,16,9,28,34,-6
1972-1973,11,Roma,30,24,6,12,12,23,28,-5
1972-1973,12,Sampdoria,30,24,5,14,11,16,25,-9
1972-1973,13,Vicenza,30,24,7,10,13,15,31,-16
1972-1973,14,Atalanta,30,24,5,14,11,16,33,-17
1972-1973,15,Palermo,30,17,3,11,16,13,41,-28
1972-1973,16,Ternana,30,16,3,10,17,14,37,-23
1973-1974,1,LAZIO,30,43,18,7,5,45,23,22
1973-1974,2,Juventus,30,41,16,9,5,50,26,24
1973-1974,3,Napoli,30,36,12,12,6,35,28,7
1973-1974,4,Inter,30,35,12,11,7,47,33,14
1973-1974,5,Torino,30,34,10,14,6,27,24,3
1973-1974,6,Fiorentina,30,33,10,13,7,32,26,6
1973-1974,7,Milan,30,30,11,8,11,34,36,-2
1973-1974,8,Roma,30,29,10,9,11,29,28,1
1973-1974,9,Bologna,30,29,6,17,7,35,36,-1
1973-1974,10,Cagliari,30,28,7,14,9,25,32,-7
1973-1974,11,Cesena,30,27,6,15,9,25,28,-3
1973-1974,12,Vicenza,30,26,7,12,11,22,37,-15
1973-1974,13,Sampdoria,30,20,5,13,12,27,34,-7
1973-1974,14,Foggia,30,18,6,12,12,20,34,-14
1973-1974,15,Genoa,30,17,4,9,17,16,37,-21
1973-1974,16,Verona,30,25,8,9,13,28,35,-7
1974-1975,1,JUVENTUS,30,43,18,7,5,49,19,30
1974-1975,2,Napoli,30,41,14,13,3,50,22,28
1974-1975,3,Roma,30,39,15,9,6,27,15,12
1974-1975,4,Lazio,30,37,14,9,7,34,28,6
1974-1975,5,Milan,30,36,12,12,6,37,22,15
1974-1975,6,Torino,30,35,11,13,6,40,30,10
1974-1975,7,Bologna,30,32,10,12,8,36,33,3
1974-1975,8,Fiorentina,30,31,9,13,8,31,27,4
1974-1975,9,Inter,30,30,10,10,10,26,26,0
1974-1975,10,Cagliari,30,26,6,14,10,22,30,-8
1974-1975,11,Cesena,30,25,5,15,10,23,35,-12
1974-1975,12,Ascoli,30,24,6,12,12,14,27,-13
1974-1975,13,Sampdoria,30,24,4,16,10,21,35,-14
1974-1975,14,Vicenza,30,21,5,11,14,19,34,-15
1974-1975,15,Ternana,30,19,4,11,15,19,42,-23
1974-1975,16,Varese,30,17,3,11,16,19,42,-23
1975-1976,1,TORINO,30,45,18,9,3,49,22,27
1975-1976,2,Juventus,30,43,18,7,5,46,26,20
1975-1976,3,Milan,30,38,15,8,7,42,28,14
1975-1976,4,Inter,30,37,14,9,7,36,28,8
1975-1976,5,Napoli,30,36,13,10,7,40,27,13
1975-1976,6,Cesena,30,32,9,14,7,39,35,4
1975-1976,7,Bologna,30,32,9,14,7,32,32,0
1975-1976,8,Perugia,30,31,10,11,9,31,34,-3
1975-1976,9,Fiorentina,30,27,9,9,12,39,39,0
1975-1976,10,Roma,30,25,6,13,11,25,31,-6
1975-1976,11,Verona,30,24,8,8,14,35,46,-11
1975-1976,12,Sampdoria,30,24,8,8,14,21,32,-11
1975-1976,13,Lazio,30,23,6,11,13,35,40,-5
1975-1976,14,Ascoli,30,23,4,15,11,19,34,-15
1975-1976,15,Como,30,21,5,11,14,28,36,-8
1975-1976,16,Cagliari,30,19,5,9,16,25,52,-27
1976-1977,1,JUVENTUS,30,51,23,5,2,50,20,30
1976-1977,2,Torino,30,50,21,8,1,51,14,37
1976-1977,3,Fiorentina,30,35,12,11,7,38,31,7
1976-1977,4,Inter,30,33,10,13,7,34,27,7
1976-1977,5,Lazio,30,31,10,11,9,34,28,6
1976-1977,6,Perugia,30,29,9,11,10,32,28,4
1976-1977,7,Napoli,30,28,9,11,10,37,38,-1
1976-1977,8,Roma,30,28,9,10,11,27,33,-6
1976-1977,9,Verona,30,28,7,14,9,26,32,-6
1976-1977,10,Milan,30,27,5,17,8,30,33,-3
1976-1977,11,Genoa,30,27,8,11,11,40,45,-5
1976-1977,12,Bologna,30,27,8,11,11,24,31,-7
1976-1977,13,Foggia,30,26,10,6,14,33,39,-6
1976-1977,14,Sampdoria,30,24,6,12,12,28,42,-14
1976-1977,15,Catanzaro,30,21,7,7,16,26,43,-17
1976-1977,16,Cesena,30,14,3,8,19,22,48,-26
1977-1978,1,JUVENTUS,30,44,15,14,1,46,17,29
1977-1978,2,Vicenza,30,39,14,11,5,50,34,16
1977-1978,3,Torino,30,39,14,11,5,36,23,13
1977-1978,4,Milan,30,37,12,13,5,38,25,13
1977-1978,5,Inter,30,36,13,10,7,35,24,11
1977-1978,6,Napoli,30,30,8,14,8,35,31,4
1977-1978,7,Perugia,30,30,10,10,10,36,35,1
1977-1978,8,Roma,30,28,8,12,10,31,34,-3
1977-1978,9,Atalanta,30,27,6,15,9,28,32,-4
1977-1978,10,Verona,30,26,6,14,10,25,30,-5
1977-1978,11,Lazio,30,26,8,10,12,31,38,-7
1977-1978,12,Bologna,30,26,7,12,11,21,32,-11
1977-1978,13,Fiorentina,30,25,7,11,12,28,37,-9
1977-1978,14,Genoa,30,25,5,15,10,23,33,-10
1977-1978,15,Foggia,30,25,8,9,13,28,43,-15
1977-1978,16,Pescara,30,17,4,9,17,21,44,-23
1978-1979,1,MILAN,30,44,17,10,3,46,19,27
1978-1979,2,Perugia,30,41,11,19,0,34,16,18
1978-1979,3,Juventus,30,37,12,13,5,40,23,17
1978-1979,4,Inter,30,36,10,16,4,38,24,14
1978-1979,5,Torino,30,36,11,14,5,35,23,12
1978-1979,6,Napoli,30,32,9,14,7,23,21,2
1978-1979,7,Fiorentina,30,32,10,12,8,26,26,0
1978-1979,8,Lazio,30,29,9,11,10,35,40,-5
1978-1979,9,Catanzaro,30,28,6,16,8,23,30,-7
1978-1979,10,Ascoli,30,26,7,12,11,26,31,-5
1978-1979,11,Avellino,30,26,6,14,10,19,26,-7
1978-1979,12,Roma,30,26,8,10,12,24,32,-8
1978-1979,13,Bologna,30,24,4,16,10,23,30,-7
1978-1979,14,Vicenza,30,24,5,14,11,29,42,-13
1978-1979,15,Atalanta,30,24,6,12,12,20,33,-13
1978-1979,16,Verona,30,15,2,11,17,14,39,-25
1979-1980,1,INTER,30,41,14,13,3,44,25,19
1979-1980,2,Juventus,30,38,16,6,8,42,25,17
1979-1980,3,Milan,30,36,14,8,8,34,19,15
1979-1980,4,Torino,30,35,11,13,6,26,15,11
1979-1980,5,Ascoli,30,34,11,12,7,35,28,7
1979-1980,6,Fiorentina,30,33,11,11,8,33,27,6
1979-1980,7,Roma,30,32,10,12,8,34,35,-1
1979-1980,8,Bologna,30,30,8,14,8,23,24,-1
1979-1980,9,Cagliari,30,30,8,14,8,27,29,-2
1979-1980,10,Perugia,30,30,9,12,9,27,32,-5
1979-1980,11,Napoli,30,28,7,14,9,20,20,0
1979-1980,12,Avellino,30,27,7,13,10,24,32,-8
1979-1980,13,Lazio,30,25,5,15,10,21,25,-4
1979-1980,14,Catanzaro,30,24,5,14,11,20,34,-14
1979-1980,15,Udinese,30,21,3,15,12,24,38,-14
1979-1980,16,Pescara,30,16,4,8,18,18,44,-26
1980-1981,1,JUVENTUS,30,44,17,10,3,46,15,31
1980-1981,2,Roma,30,42,14,14,2,43,20,23
1980-1981,3,Napoli,30,38,14,10,6,31,21,10
1980-1981,4,Inter,30,36,14,8,8,41,24,17
1980-1981,5,Fiorentina,30,32,9,14,7,28,25,3
1980-1981,6,Cagliari,30,30,8,14,8,29,30,-1
1980-1981,7,Bologna,30,29,11,12,7,32,27,5
1980-1981,8,Catanzaro,30,29,6,17,7,24,27,-3
1980-1981,9,Torino,30,26,8,10,12,26,29,-3
1980-1981,10,Avellino,30,25,10,10,10,36,33,3
1980-1981,11,Ascoli,30,25,7,11,12,18,34,-16
1980-1981,12,Udinese,30,25,6,13,11,24,39,-15
1980-1981,13,Como,30,25,8,9,13,25,33,-8
1980-1981,14,Brescia,30,25,4,17,9,19,25,-6
1980-1981,15,Perugia,30,18,5,13,12,18,31,-13
1980-1981,16,Pistoiese,30,16,6,4,20,19,46,-27
1981-1982,1,JUVENTUS,30,46,19,8,3,48,14,34
1981-1982,2,Fiorentina,30,45,17,11,2,36,17,19
1981-1982,3,Roma,30,38,15,8,7,40,29,11
1981-1982,4,Napoli,30,35,10,15,5,31,21,10
1981-1982,5,Inter,30,35,11,13,6,39,34,5
1981-1982,6,Ascoli,30,32,9,14,7,26,21,5
1981-1982,7,Catanzaro,30,28,9,10,11,25,29,-4
1981-1982,8,Avellino,30,27,9,9,12,22,26,-4
1981-1982,9,Cesena,30,27,8,11,11,34,41,-7
1981-1982,10,Torino,30,27,8,11,11,25,30,-5
1981-1982,11,Udinese,30,26,9,8,13,27,37,-10
1981-1982,12,Cagliari,30,25,7,11,12,33,36,-3
1981-1982,13,Genoa,30,25,6,13,11,24,29,-5
1981-1982,14,Milan,30,24,7,10,13,21,31,-10
1981-1982,15,Bologna,30,23,6,11,13,25,37,-12
1981-1982,16,Como,30,17,3,11,16,18,42,-24
1982-1983,1,ROMA,30,43,16,11,3,47,24,23
1982-1983,2,Juventus,30,39,15,9,6,49,26,23
1982-1983,3,Inter,30,38,12,14,4,40,23,17
1982-1983,4,Verona,30,35,11,13,6,37,31,6
1982-1983,5,Fiorentina,30,34,12,10,8,36,25,11
1982-1983,6,Udinese,30,32,6,20,4,25,29,-4
1982-1983,7,Sampdoria,30,31,8,15,7,31,30,1
1982-1983,8,Torino,30,30,9,12,9,30,28,2
1982-1983,9,Avellino,30,28,8,12,10,29,34,-5
1982-1983,10,Napoli,30,28,7,14,9,22,29,-7
1982-1983,11,Genoa,30,27,6,15,9,34,38,-4
1982-1983,12,Pisa,30,27,8,11,11,27,27,0
1982-1983,13,Ascoli,30,27,9,9,12,32,37,-5
1982-1983,14,Cagliari,30,26,6,14,10,23,33,-10
1982-1983,15,Cesena,30,22,4,14,12,22,35,-13
1982-1983,16,Catanzaro,30,13,2,9,19,21,56,-35
1983-1984,1,JUVENTUS,30,43,17,9,4,57,29,28
1983-1984,2,Roma,30,41,15,11,4,48,28,20
1983-1984,3,Fiorentina,30,36,12,12,6,48,31,17
1983-1984,4,Inter,30,35,12,11,7,37,23,14
1983-1984,5,Torino,30,33,11,11,8,37,30,7
1983-1984,6,Milan,30,32,10,12,8,37,40,-3
1983-1984,7,Sampdoria,30,32,12,8,10,36,30,6
1983-1984,8,Verona,30,32,12,8,10,43,35,8
1983-1984,9,Udinese,30,31,11,9,10,47,40,7
1983-1984,10,Ascoli,30,29,9,11,10,29,35,-6
1983-1984,11,Napoli,30,26,7,12,11,28,38,-10
1983-1984,12,Avellino,30,26,9,8,13,33,39,-6
1983-1984,13,Lazio,30,25,8,9,13,35,49,-14
1983-1984,14,Genoa,30,25,6,13,11,24,36,-12
1983-1984,15,Pisa,30,22,3,16,11,20,35,-15
1983-1984,16,Catania,30,12,1,10,19,14,55,-41
1984-1985,1,VERONA,30,43,15,13,2,42,19,23
1984-1985,2,Torino,30,39,14,11,5,36,22,14
1984-1985,3,Inter,30,38,13,12,5,42,28,14
1984-1985,4,Sampdoria,30,37,12,13,5,36,21,15
1984-1985,5,Milan,30,36,12,12,6,31,25,6
1984-1985,6,Juventus,30,36,11,14,5,48,33,15
1984-1985,7,Roma,30,34,10,14,6,33,25,8
1984-1985,8,Napoli,30,33,10,13,7,34,29,5
1984-1985,9,Fiorentina,30,29,8,13,9,33,31,2
1984-1985,10,Atalanta,30,28,5,18,7,20,32,-12
1984-1985,11,Como,30,25,6,13,11,17,27,-10
1984-1985,12,Udinese,30,25,10,5,15,43,46,-3
1984-1985,13,Avellino,30,25,7,11,12,27,33,-6
1984-1985,14,Ascoli,30,22,4,14,12,24,40,-16
1984-1985,15,Lazio,30,15,2,11,17,16,45,-29
1984-1985,16,Cremonese,30,15,4,7,19,22,48,-26
1985-1986,1,JUVENTUS,30,45,18,9,3,43,17,26
1985-1986,2,Roma,30,41,19,3,8,51,27,24
1985-1986,3,Napoli,30,39,14,11,5,35,21,14
1985-1986,4,Torino,30,33,11,11,8,31,26,5
1985-1986,5,Fiorentina,30,33,10,13,7,29,23,6
1985-1986,6,Inter,30,32,12,8,10,36,33,3
1985-1986,7,Milan,30,31,10,11,9,26,24,2
1985-1986,8,Atalanta,30,29,7,15,8,27,26,1
1985-1986,9,Como,30,29,7,15,8,32,32,0
1985-1986,10,Verona,30,28,9,10,11,31,40,-9
1985-1986,11,Avellino,30,27,9,9,12,28,38,-10
1985-1986,12,Sampdoria,30,27,8,11,11,27,25,2
1985-1986,13,Udinese,30,25,6,13,11,31,37,-6
1985-1986,14,Pisa,30,23,5,13,12,27,40,-13
1985-1986,15,Bari,30,22,5,12,13,18,31,-13
1985-1986,16,Lecce,30,16,5,6,19,23,55,-32
1986-1987,1,NAPOLI,30,42,15,12,3,41,21,20
1986-1987,2,Juventus,30,39,14,11,5,42,27,15
1986-1987,3,Inter,30,38,15,8,7,32,17,15
1986-1987,4,Verona,30,36,12,12,6,36,25,11
1986-1987,5,Milan,30,35,13,9,8,31,21,10
1986-1987,6,Sampdoria,30,35,13,9,8,37,21,16
1986-1987,7,Roma,30,33,12,9,9,37,31,6
1986-1987,8,Avellino,30,30,9,12,9,31,38,-7
1986-1987,9,Como,30,26,5,16,9,16,20,-4
1986-1987,10,Fiorentina,30,26,8,10,12,30,35,-5
1986-1987,11,Torino,30,26,8,10,12,26,32,-6
1986-1987,12,Ascoli,30,24,7,10,13,18,33,-15
1986-1987,13,Empoli,30,23,8,7,15,13,33,-20
1986-1987,14,Brescia,30,22,7,8,15,25,35,-10
1986-1987,15,Atalanta,30,21,7,7,16,22,32,-10
1986-1987,16,Udinese,30,15,6,12,12,25,41,-16
1987-1988,1,MILAN,30,45,17,11,2,43,14,29
1987-1988,2,Napoli,30,42,18,6,6,55,27,28
1987-1988,3,Roma,30,38,15,8,7,39,26,13
1987-1988,4,Sampdoria,30,37,13,11,6,41,30,11
1987-1988,5,Inter,30,32,11,10,9,42,35,7
1987-1988,6,Juventus,30,31,11,9,10,35,30,5
1987-1988,7,Torino,30,31,8,15,7,33,30,3
1987-1988,8,Fiorentina,30,28,9,10,11,29,33,-4
1987-1988,9,Cesena,30,26,7,12,11,23,32,-9
1987-1988,10,Verona,30,25,7,11,12,23,30,-7
1987-1988,11,Como,30,25,6,13,11,22,37,-15
1987-1988,12,Ascoli,30,24,6,12,12,30,37,-7
1987-1988,13,Pisa,30,24,6,12,12,23,30,-7
1987-1988,14,Pescara,30,24,8,8,14,27,44,-17
1987-1988,15,Avellino,30,23,5,13,12,19,39,-20
1987-1988,16,Empoli,30,20,6,13,11,20,30,-10
1988-1989,1,INTER,34,58,26,6,2,67,19,48
1988-1989,2,Napoli,34,47,18,11,5,57,28,29
1988-1989,3,Milan,34,46,16,14,4,61,25,36
1988-1989,4,Juventus,34,43,15,13,6,51,36,15
1988-1989,5,Sampdoria,34,39,14,11,9,43,25,18
1988-1989,6,Atalanta,34,36,11,14,9,37,32,5
1988-1989,7,Fiorentina,34,34,12,10,12,44,43,1
1988-1989,8,Roma,34,34,11,12,11,33,40,-7
1988-1989,9,Lecce,34,31,8,15,11,25,35,-10
1988-1989,10,Lazio,34,29,5,19,10,23,32,-9
1988-1989,11,Verona,34,29,5,19,10,18,27,-9
1988-1989,12,Ascoli,34,29,9,11,14,30,41,-11
1988-1989,13,Cesena,34,29,8,13,13,24,39,-15
1988-1989,14,Bologna,34,29,8,13,13,26,43,-17
1988-1989,15,Torino,34,27,8,11,15,37,49,-12
1988-1989,16,Pescara,34,27,5,17,12,28,43,-15
1988-1989,17,Pisa,34,23,6,11,17,17,39,-22
1988-1989,18,Como,34,22,6,10,18,24,49,-25
1989-1990,1,NAPOLI,34,51,21,9,4,57,31,26
1989-1990,2,Milan,34,49,22,5,7,56,27,29
1989-1990,3,Inter,34,44,17,10,7,55,32,23
1989-1990,4,Juventus,34,44,15,14,5,56,36,20
1989-1990,5,Sampdoria,34,43,16,11,7,46,26,20
1989-1990,6,Roma,34,41,14,13,7,45,40,5
1989-1990,7,Atalanta,34,35,12,11,11,36,43,-7
1989-1990,8,Bologna,34,34,9,16,9,29,36,-7
1989-1990,9,Lazio,34,31,8,15,11,34,33,1
1989-1990,10,Bari,34,31,6,19,9,34,37,-3
1989-1990,11,Genoa,34,29,6,17,11,27,31,-4
1989-1990,12,Fiorentina,34,28,7,14,13,41,42,-1
1989-1990,13,Cesena,34,28,6,16,12,26,36,-10
1989-1990,14,Lecce,34,28,10,8,16,29,46,-17
1989-1990,15,Udinese,34,27,6,15,13,37,51,-14
1989-1990,16,Verona,34,25,6,13,15,27,44,-17
1989-1990,17,Cremonese,34,23,5,13,16,29,50,-21
1989-1990,18,Ascoli,34,21,4,13,17,20,43,-23
1990-1991,1,SAMPDORIA,34,51,20,11,3,57,24,33
1990-1991,2,Milan,34,46,18,10,6,46,19,27
1990-1991,3,Inter,34,46,18,10,6,56,31,25
1990-1991,4,Genoa,34,40,14,12,8,51,36,15
1990-1991,5,Torino,34,38,12,14,8,40,29,11
1990-1991,6,Parma,34,38,13,12,9,35,31,4
1990-1991,7,Juventus,34,37,13,11,10,45,32,13
1990-1991,8,Napoli,34,37,11,15,8,37,37,0
1990-1991,9,Roma,34,36,11,14,9,43,37,6
1990-1991,10,Atalanta,34,35,11,13,10,38,37,1
1990-1991,11,Lazio,34,35,8,19,7,33,36,-3
1990-1991,12,Fiorentina,34,31,8,15,11,40,34,6
1990-1991,13,Bari,34,29,9,11,14,41,47,-6
1990-1991,14,Cagliari,34,29,6,17,11,29,44,-15
1990-1991,15,Lecce,34,25,6,13,15,20,47,-27
1990-1991,16,Pisa,34,22,8,6,20,34,60,-26
1990-1991,17,Cesena,34,19,5,9,20,28,58,-30
1990-1991,18,Bologna,34,18,4,10,20,29,63,-34
1991-1992,1,MILAN,34,56,22,12,0,74,21,53
1991-1992,2,Juventus,34,48,18,12,4,45,22,23
1991-1992,3,Torino,34,43,14,15,5,42,20,22
1991-1992,4,Napoli,34,42,15,12,7,56,40,16
1991-1992,5,Roma,34,40,13,14,7,37,31,6
1991-1992,6,Sampdoria,34,38,11,16,7,38,31,7
1991-1992,7,Parma,34,38,11,16,7,32,28,4
1991-1992,8,Inter,34,37,10,17,7,28,28,0
1991-1992,9,Foggia,34,35,12,11,11,58,58,0
1991-1992,10,Lazio,34,34,11,12,11,43,40,3
1991-1992,11,Atalanta,34,34,10,14,10,31,33,-2
1991-1992,12,Fiorentina,34,32,10,12,12,44,41,3
1991-1992,13,Cagliari,34,29,7,15,12,30,34,-4
1991-1992,14,Genoa,34,29,9,11,14,35,47,-12
1991-1992,15,Bari,34,22,6,10,18,26,47,-21
1991-1992,16,Verona,34,21,7,7,20,24,57,-33
1991-1992,17,Cremonese,34,20,5,10,19,27,49,-22
1991-1992,18,Ascoli,34,14,4,6,24,25,68,-43
1992-1993,1,MILAN,34,50,18,14,2,65,32,33
1992-1993,2,Inter,34,46,17,12,5,59,36,23
1992-1993,3,Parma,34,41,16,9,9,47,34,13
1992-1993,4,Juventus,34,39,15,9,10,59,47,12
1992-1993,5,Lazio,34,38,13,12,9,65,51,14
1992-1993,6,Cagliari,34,37,14,9,11,45,33,12
1992-1993,7,Sampdoria,34,36,12,12,10,50,48,2
1992-1993,8,Atalanta,34,36,14,8,12,42,44,-2
1992-1993,9,Torino,34,35,9,17,8,38,38,0
1992-1993,10,Roma,34,33,8,17,9,42,39,3
1992-1993,11,Napoli,34,32,10,12,12,49,50,-1
1992-1993,12,Foggia,34,32,10,12,12,39,55,-16
1992-1993,13,Genoa,34,31,7,17,10,41,55,-14
1992-1993,14,Udinese,34,30,10,10,14,42,48,-6
1992-1993,15,Brescia,34,30,9,12,13,36,44,-8
1992-1993,16,Fiorentina,34,30,8,14,12,53,56,-3
1992-1993,17,Ancona,34,19,6,7,21,39,73,-34
1992-1993,18,Pescara,34,17,6,5,23,47,75,-28
1993-1994,1,MILAN,34,50,19,12,3,36,15,21
1993-1994,2,Juventus,34,47,17,13,4,58,25,33
1993-1994,3,Sampdoria,34,44,18,8,8,64,39,25
1993-1994,4,Lazio,34,44,17,10,7,55,40,15
1993-1994,5,Parma,34,41,17,7,10,50,35,15
1993-1994,6,Napoli,34,36,12,12,10,41,35,6
1993-1994,7,Roma,34,35,10,15,9,35,30,5
1993-1994,8,Torino,34,34,11,12,11,39,37,2
1993-1994,9,Foggia,34,33,10,13,11,46,46,0
1993-1994,10,Cremonese,34,32,9,14,11,41,41,0
1993-1994,11,Genoa,34,32,8,16,10,32,40,-8
1993-1994,12,Cagliari,34,32,10,12,12,39,48,-9
1993-1994,13,Inter,34,31,11,9,14,46,45,1
1993-1994,14,Reggiana,34,31,10,11,13,29,37,-8
1993-1994,15,Piacenza,34,30,8,14,12,32,43,-11
1993-1994,16,Udinese,34,28,7,14,13,35,48,-13
1993-1994,17,Atalanta,34,21,5,11,18,35,65,-30
1993-1994,18,Lecce,34,11,3,5,26,28,72,-44
1994-1995,1,JUVENTUS,34,73,23,4,7,59,32,27
1994-1995,2,Lazio,34,63,19,6,9,69,34,35
1994-1995,3,Parma,34,63,18,9,7,51,31,20
1994-1995,4,Milan,34,60,17,9,8,53,32,21
1994-1995,5,Roma,34,59,16,11,7,46,25,21
1994-1995,6,Inter,34,52,14,10,10,39,34,5
1994-1995,7,Napoli,34,51,13,12,9,40,45,-5
1994-1995,8,Sampdoria,34,50,13,11,10,51,37,14
1994-1995,9,Cagliari,34,49,13,10,11,40,39,1
1994-1995,10,Fiorentina,34,47,12,11,11,61,57,4
1994-1995,11,Torino,34,45,12,9,13,44,48,-4
1994-1995,12,Bari,34,44,12,8,14,40,43,-3
1994-1995,13,Cremonese,34,41,11,8,15,35,38,-3
1994-1995,14,Padova,34,40,12,4,18,37,58,-21
1994-1995,15,Genoa,34,40,10,10,14,34,49,-15
1994-1995,16,Foggia,34,34,8,10,16,32,50,-18
1994-1995,17,Reggiana,34,18,4,6,24,24,56,-32
1994-1995,18,Brescia,34,12,2,6,26,18,65,-47
1995-1996,1,MILAN,34,73,21,10,3,60,24,36
1995-1996,2,Juventus,34,65,19,8,7,58,35,23
1995-1996,3,Lazio,34,59,17,8,9,66,38,28
1995-1996,4,Fiorentina,34,59,17,8,9,53,41,12
1995-1996,5,Roma,34,58,16,10,8,51,34,17
1995-1996,6,Parma,34,58,16,10,8,44,31,13
1995-1996,7,Inter,34,54,15,9,10,51,30,21
1995-1996,8,Sampdoria,34,52,14,10,10,59,47,12
1995-1996,9,Vicenza,34,49,13,10,11,36,37,-1
1995-1996,10,Udinese,34,41,11,8,15,41,49,-8
1995-1996,11,Cagliari,34,41,11,8,15,34,47,-13
1995-1996,12,Napoli,34,41,10,11,13,28,41,-13
1995-1996,13,Atalanta,34,39,11,6,17,38,50,-12
1995-1996,14,Piacenza,34,37,9,10,15,31,48,-17
1995-1996,15,Bari,34,32,8,8,18,49,71,-22
1995-1996,16,Torino,34,29,6,11,17,28,46,-18
1995-1996,17,Cremonese,34,27,5,12,17,37,57,-20
1995-1996,18,Padova,34,24,7,3,24,41,79,-38
1996-1997,1,JUVENTUS,34,65,17,14,3,51,24,27
1996-1997,2,Parma,34,63,18,9,7,41,26,15
1996-1997,3,Inter,34,59,15,14,5,51,35,16
1996-1997,4,Lazio,34,55,15,10,9,54,37,17
1996-1997,5,Udinese,34,54,15,9,10,53,41,12
1996-1997,6,Sampdoria,34,53,14,11,9,60,46,14
1996-1997,7,Bologna,34,49,13,10,11,50,44,6
1996-1997,8,Vicenza,34,47,12,11,11,43,38,5
1996-1997,9,Fiorentina,34,45,10,15,9,46,41,5
1996-1997,10,Atalanta,34,44,11,11,12,44,46,-2
1996-1997,11,Milan,34,43,11,10,13,43,45,-2
1996-1997,12,Roma,34,41,10,11,13,46,47,-1
1996-1997,13,Napoli,34,41,9,14,11,38,45,-7
1996-1997,14,Piacenza,34,37,7,16,11,29,45,-16
1996-1997,15,Cagliari,34,37,9,10,15,45,55,-10
1996-1997,16,Perugia,34,37,10,7,17,48,62,-14
1996-1997,17,Verona,34,27,6,9,19,38,64,-26
1996-1997,18,Reggiana,34,19,2,13,19,28,67,-39
1997-1998,1,JUVENTUS,34,74,21,11,2,67,28,39
1997-1998,2,Inter,34,69,21,6,7,62,27,35
1997-1998,3,Udinese,34,64,19,7,8,62,40,22
1997-1998,4,Roma,34,59,16,11,7,67,42,25
1997-1998,5,Fiorentina,34,57,15,12,7,65,36,29
1997-1998,6,Parma,34,57,15,12,7,55,39,16
1997-1998,7,Lazio,34,56,16,8,10,53,30,23
1997-1998,8,Bologna,34,48,12,12,10,55,46,9
1997-1998,9,Sampdoria,34,48,13,9,12,52,55,-3
1997-1998,10,Milan,34,44,11,11,12,37,43,-6
1997-1998,11,Bari,34,38,10,8,16,30,45,-15
1997-1998,12,Empoli,34,37,10,7,17,50,58,-8
1997-1998,13,Piacenza,34,37,7,16,11,29,38,-9
1997-1998,14,Vicenza,34,36,9,9,16,36,61,-25
1997-1998,15,Brescia,34,35,9,8,17,45,63,-18
1997-1998,16,Atalanta,34,32,7,11,16,25,48,-23
1997-1998,17,Lecce,34,26,6,8,20,32,72,-40
1997-1998,18,Napoli,34,14,2,8,24,25,76,-51
1998-1999,1,MILAN,34,70,20,10,4,59,34,25
1998-1999,2,Lazio,34,69,20,9,5,65,31,34
1998-1999,3,Fiorentina,34,56,16,8,10,55,41,14
1998-1999,4,Parma,34,55,15,10,9,55,36,19
1998-1999,5,Roma,34,54,15,9,10,69,49,20
1998-1999,6,Udinese,34,54,16,6,12,52,52,0
1998-1999,7,Juventus,34,54,15,9,10,42,36,6
1998-1999,8,Inter,34,46,13,7,14,59,54,5
1998-1999,9,Bologna,34,44,11,11,12,44,47,-3
1998-1999,10,Bari,34,42,9,15,10,39,44,-5
1998-1999,11,Venezia,34,42,11,9,14,38,45,-7
1998-1999,12,Cagliari,34,41,11,8,15,49,50,-1
1998-1999,13,Piacenza,34,41,11,8,15,48,49,-1
1998-1999,14,Perugia,34,39,11,6,17,43,61,-18
1998-1999,15,Salernitana,34,38,10,8,16,37,51,-14
1998-1999,16,Sampdoria,34,37,9,10,15,38,55,-17
1998-1999,17,Vicenza,34,33,8,9,17,27,47,-20
1998-1999,18,Empoli,34,20,4,10,20,26,63,-37
1999-2000,1,LAZIO,34,72,21,9,4,64,33,31
1999-2000,2,Juventus,34,71,21,8,5,46,20,26
1999-2000,3,Milan,34,61,16,13,5,65,40,25
1999-2000,4,Inter,34,58,17,7,10,58,36,22
1999-2000,5,Parma,34,58,16,10,8,52,37,15
1999-2000,6,Roma,34,54,14,12,8,57,34,23
1999-2000,7,Fiorentina,34,51,13,12,9,48,38,10
1999-2000,8,Udinese,34,50,13,11,10,55,45,10
1999-2000,9,Verona,34,43,10,13,11,40,45,-5
1999-2000,10,Perugia,34,42,12,6,16,36,52,-16
1999-2000,11,Bologna,34,40,9,13,12,32,39,-7
1999-2000,12,Reggina,34,40,9,13,12,31,42,-11
1999-2000,13,Lecce,34,40,10,10,14,33,49,-16
1999-2000,14,Bari,34,39,10,9,15,34,48,-14
1999-2000,15,Torino,34,36,8,12,14,35,47,-12
1999-2000,16,Venezia,34,26,6,8,20,30,60,-30
1999-2000,17,Cagliari,34,22,3,13,18,29,54,-25
1999-2000,18,Piacenza,34,21,4,9,21,19,45,-26
2000-2001,1,ROMA,34,75,22,9,3,68,33,35
2000-2001,2,Juventus,34,73,21,10,3,61,27,34
2000-2001,3,Lazio,34,69,21,6,7,65,36,29
2000-2001,4,Parma,34,56,16,8,10,51,31,20
2000-2001,5,Inter,34,51,14,9,11,47,47,0
2000-2001,6,Milan,34,49,12,13,9,56,46,10
2000-2001,7,Atalanta,34,44,10,14,10,38,34,4
2000-2001,8,Brescia,34,44,10,14,10,44,42,2
2000-2001,9,Fiorentina,34,43,10,13,11,53,52,1
2000-2001,10,Bologna,34,43,11,10,13,49,53,-4
2000-2001,11,Perugia,34,42,10,12,12,49,53,-4
2000-2001,12,Udinese,34,38,11,5,18,49,59,-10
2000-2001,13,Lecce,34,37,8,13,13,40,54,-14
2000-2001,14,Verona,34,37,10,7,17,40,59,-19
2000-2001,15,Reggina,34,37,10,7,17,32,49,-17
2000-2001,16,Vicenza,34,36,9,9,16,37,51,-14
2000-2001,17,Napoli,34,36,8,12,14,35,51,-16
2000-2001,18,Bari,34,20,5,5,24,31,68,-37
2001-2002,1,JUVENTUS,34,71,20,11,3,64,23,41
2001-2002,2,Roma,34,70,19,13,2,58,24,34
2001-2002,3,Inter,34,69,20,9,5,62,35,27
2001-2002,4,Milan,34,55,14,13,7,47,33,14
2001-2002,5,Chievo,34,54,14,12,8,57,52,5
2001-2002,6,Lazio,34,53,14,11,9,50,37,13
2001-2002,7,Bologna,34,52,15,7,12,40,40,0
2001-2002,8,Perugia,34,46,13,7,14,38,46,-8
2001-2002,9,Atalanta,34,45,12,9,13,41,50,-9
2001-2002,10,Parma,34,44,12,8,14,43,47,-4
2001-2002,11,Torino,34,43,10,13,11,37,39,-2
2001-2002,12,Piacenza,34,42,11,9,14,49,43,6
2001-2002,13,Brescia,34,40,9,13,12,43,52,-9
2001-2002,14,Udinese,34,40,11,7,16,41,52,-11
2001-2002,15,Verona,34,39,11,6,17,41,53,-12
2001-2002,16,Lecce,34,28,6,10,18,36,56,-20
2001-2002,17,Fiorentina,34,22,5,7,22,29,63,-34
2001-2002,18,Venezia,34,18,3,9,22,30,61,-31
2002-2003,1,JUVENTUS,34,72,21,9,4,64,29,35
2002-2003,2,Inter,34,65,19,8,7,64,38,26
2002-2003,3,Milan,34,61,18,7,9,55,30,25
2002-2003,4,Lazio,34,60,15,15,4,57,32,25
2002-2003,5,Parma,34,56,15,11,8,55,36,19
2002-2003,6,Udinese,34,56,16,8,10,38,35,3
2002-2003,7,Chievo,34,55,16,7,11,51,39,12
2002-2003,8,Roma,34,49,13,10,11,55,46,9
2002-2003,9,Brescia,34,42,9,15,10,36,38,-2
2002-2003,10,Perugia,34,42,10,12,12,40,48,-8
2002-2003,11,Bologna,34,41,10,11,13,39,47,-8
2002-2003,12,Modena,34,38,9,11,14,30,48,-18
2002-2003,13,Empoli,34,38,9,11,14,36,46,-10
2002-2003,14,Reggina,34,38,10,8,16,38,53,-15
2002-2003,15,Atalanta,34,38,8,14,12,35,47,-12
2002-2003,16,Piacenza,34,30,8,6,20,44,62,-18
2002-2003,17,Como,34,24,4,12,18,29,57,-28
2002-2003,18,Torino,34,21,4,9,21,23,58,-35
2003-2004,1,MILAN,34,82,25,7,2,65,24,41
2003-2004,2,Roma,34,71,21,8,5,68,19,49
2003-2004,3,Juventus,34,69,21,6,7,67,42,25
2003-2004,4,Inter,34,59,17,8,9,59,37,22
2003-2004,5,Parma,34,58,16,10,8,57,46,11
2003-2004,6,Lazio,34,56,16,8,10,52,38,14
2003-2004,7,Udinese,34,50,13,11,10,44,40,4
2003-2004,8,Sampdoria,34,46,11,13,10,40,42,-2
2003-2004,9,Chievo,34,44,11,11,12,36,37,-1
2003-2004,10,Lecce,34,41,11,8,15,43,56,-13
2003-2004,11,Brescia,34,40,9,13,12,52,57,-5
2003-2004,12,Bologna,34,39,10,9,15,45,53,-8
2003-2004,13,Siena,34,34,8,10,16,41,54,-13
2003-2004,14,Reggina,34,34,6,16,12,29,45,-16
2003-2004,15,Perugia,34,32,6,14,14,44,56,-12
2003-2004,16,Modena,34,30,6,12,16,27,46,-19
2003-2004,17,Empoli,34,30,7,9,18,26,54,-28
2003-2004,18,Ancona,34,13,2,7,25,21,70,-49
2004-2005,1,JUVENTUS,38,86,26,8,4,67,27,40
2004-2005,2,Milan,38,79,23,10,5,63,28,35
2004-2005,3,Inter,38,72,18,18,2,65,37,28
2004-2005,4,Udinese,38,62,17,11,10,56,40,16
2004-2005,5,Sampdoria,38,61,17,10,11,42,29,13
2004-2005,6,Palermo,38,53,12,17,9,48,44,4
2004-2005,7,Messina,38,48,12,12,14,44,52,-8
2004-2005,8,Roma,38,45,11,12,15,55,58,-3
2004-2005,9,Livorno,38,45,11,12,15,49,60,-11
2004-2005,10,Lazio,38,44,11,11,16,48,53,-5
2004-2005,11,Reggina,38,44,10,14,14,36,45,-9
2004-2005,12,Lecce,38,44,10,14,14,66,73,-7
2004-2005,13,Cagliari,38,44,10,14,14,51,60,-9
2004-2005,14,Siena,38,43,9,16,13,44,55,-11
2004-2005,15,Chievo,38,43,11,10,17,32,49,-17
2004-2005,16,Fiorentina,38,42,9,15,14,42,50,-8
2004-2005,17,Parma,38,42,10,12,16,48,65,-17
2004-2005,18,Bologna,38,42,9,15,14,33,36,-3
2004-2005,19,Brescia,38,41,11,8,19,37,54,-17
2004-2005,20,Atalanta,38,35,8,11,19,34,45,-11
2005-2006,1,JUVENTUS,38,91,27,10,1,71,24,47
2005-2006,2,Milan,38,88,28,4,6,85,31,54
2005-2006,3,Inter,38,76,23,7,8,68,30,38
2005-2006,4,Fiorentina,38,74,22,8,8,66,41,25
2005-2006,5,Roma,38,69,19,12,7,70,42,28
2005-2006,6,Lazio,38,62,16,14,8,57,47,10
2005-2006,7,Chievo,38,54,13,15,10,54,49,5
2005-2006,8,Palermo,38,52,13,13,12,50,52,-2
2005-2006,9,Livorno,38,49,12,13,13,37,44,-7
2005-2006,10,Empoli,38,45,13,6,19,47,61,-14
2005-2006,11,Parma,38,45,12,9,17,46,60,-14
2005-2006,12,Udinese,38,43,11,10,17,40,54,-14
2005-2006,13,Ascoli,38,43,9,16,13,43,53,-10
2005-2006,14,Reggina,38,41,11,8,19,39,65,-26
2005-2006,15,Sampdoria,38,41,10,11,17,47,51,-4
2005-2006,16,Siena,38,39,9,12,17,42,60,-18
2005-2006,17,Cagliari,38,39,8,15,15,42,55,-13
2005-2006,18,Messina,38,31,6,13,19,33,59,-26
2005-2006,19,Lecce,38,29,7,8,23,30,57,-27
2005-2006,20,Treviso,38,21,3,12,23,24,56,-32
2006-2007,1,INTER,38,97,30,7,1,80,34,46
2006-2007,2,Roma,38,75,22,9,7,74,34,40
2006-2007,3,Lazio,38,62,18,11,9,59,33,26
2006-2007,4,Milan,38,61,19,12,7,57,36,21
2006-2007,5,Palermo,38,58,16,10,12,58,51,7
2006-2007,6,Fiorentina,38,58,21,10,7,62,31,31
2006-2007,7,Empoli,38,54,14,12,12,42,43,-1
2006-2007,8,Atalanta,38,50,12,14,12,56,54,2
2006-2007,9,Sampdoria,38,49,13,10,15,44,48,-4
2006-2007,10,Udinese,38,46,12,10,16,49,55,-6
2006-2007,11,Livorno,38,43,10,13,15,41,54,-13
2006-2007,12,Parma,38,42,10,12,16,41,56,-15
2006-2007,13,Catania,38,41,10,11,17,46,68,-22
2006-2007,14,Reggina,38,40,12,15,11,52,50,2
2006-2007,15,Siena,38,40,9,14,15,35,45,-10
2006-2007,16,Torino,38,40,10,10,18,27,47,-20
2006-2007,17,Cagliari,38,40,9,13,16,35,46,-11
2006-2007,18,Chievo,38,39,9,12,17,38,48,-10
2006-2007,19,Ascoli,38,27,5,12,21,36,67,-31
2006-2007,20,Messina,38,26,5,11,22,37,69,-32
2007-2008,1,INTER,38,85,25,10,3,69,26,43
2007-2008,2,Roma,38,82,24,10,4,72,37,35
2007-2008,3,Juventus,38,72,20,12,6,72,37,35
2007-2008,4,Fiorentina,38,66,19,9,10,55,39,16
2007-2008,5,Milan,38,64,18,10,10,66,38,28
2007-2008,6,Sampdoria,38,60,17,9,12,56,46,10
2007-2008,7,Udinese,38,57,16,9,13,48,53,-5
2007-2008,8,Napoli,38,50,14,8,16,50,53,-3
2007-2008,9,Atalanta,38,48,12,12,14,52,56,-4
2007-2008,10,Genoa,38,48,13,9,16,44,52,-8
2007-2008,11,Palermo,38,47,12,11,15,47,57,-10
2007-2008,12,Lazio,38,46,11,13,14,47,51,-4
2007-2008,13,Siena,38,44,9,17,12,40,45,-5
2007-2008,14,Cagliari,38,42,11,9,18,40,56,-16
2007-2008,15,Torino,38,40,8,16,14,36,49,-13
2007-2008,16,Reggina,38,40,9,13,16,37,56,-19
2007-2008,17,Catania,38,37,8,13,17,33,45,-12
2007-2008,18,Empoli,38,36,9,9,20,29,52,-23
2007-2008,19,Parma,38,34,7,13,18,42,62,-20
2007-2008,20,Livorno,38,30,6,12,20,35,60,-25
2008-2009,1,INTER,38,84,25,9,4,70,32,38
2008-2009,2,Juventus,38,74,21,11,6,69,37,32
2008-2009,3,Milan,38,74,22,8,8,70,35,35
2008-2009,4,Fiorentina,38,68,21,5,12,53,38,15
2008-2009,5,Genoa,38,68,19,11,8,56,39,17
2008-2009,6,Roma,38,63,18,9,11,64,61,3
2008-2009,7,Udinese,38,58,16,10,12,61,50,11
2008-2009,8,Palermo,38,57,17,6,15,57,50,7
2008-2009,9,Cagliari,38,53,15,8,15,49,50,-1
2008-2009,10,Lazio,38,50,15,5,18,46,55,-9
2008-2009,11,Atalanta,38,47,13,8,17,45,48,-3
2008-2009,12,Napoli,38,46,12,10,16,43,45,-2
2008-2009,13,Sampdoria,38,46,11,13,14,49,52,-3
2008-2009,14,Siena,38,44,12,8,18,33,44,-11
2008-2009,15,Catania,38,43,12,7,19,41,51,-10
2008-2009,16,Chievo,38,38,8,14,16,35,49,-14
2008-2009,17,Bologna,38,37,9,10,19,43,62,-19
2008-2009,18,Torino,38,34,8,10,20,37,61,-24
2008-2009,19,Reggina,38,31,6,13,19,30,62,-32
2008-2009,20,Lecce,38,30,5,15,18,37,67,-30
2009-2010,1,INTER,38,82,24,10,4,75,34,41
2009-2010,2,Roma,38,80,24,8,6,68,41,27
2009-2010,3,Milan,38,70,20,10,8,60,39,21
2009-2010,4,Sampdoria,38,67,19,10,9,49,41,8
2009-2010,5,Palermo,38,65,18,11,9,59,47,12
2009-2010,6,Napoli,38,59,15,14,9,50,43,7
2009-2010,7,Juventus,38,55,16,7,15,55,56,-1
2009-2010,8,Parma,38,52,14,10,14,46,51,-5
2009-2010,9,Genoa,38,51,14,9,15,57,61,-4
2009-2010,10,Bari,38,50,13,11,14,49,49,0
2009-2010,11,Fiorentina,38,47,13,8,17,48,47,1
2009-2010,12,Lazio,38,46,11,13,14,39,43,-4
2009-2010,13,Catania,38,45,10,15,13,44,45,-1
2009-2010,14,Chievo,38,44,12,8,18,37,42,-5
2009-2010,15,Cagliari,38,44,11,11,16,56,58,-2
2009-2010,16,Udinese,38,44,11,11,16,54,59,-5
2009-2010,17,Bologna,38,42,10,12,16,42,55,-13
2009-2010,18,Atalanta,38,35,9,8,21,37,53,-16
2009-2010,19,Siena,38,31,7,10,21,40,67,-27
2009-2010,20,Livorno,38,29,7,8,23,27,61,-34
2010-2011,1,MILAN,38,82,24,10,4,65,24,41
2010-2011,2,Inter,38,76,23,7,8,69,42,27
2010-2011,3,Napoli,38,70,21,7,10,59,39,20
2010-2011,4,Udinese,38,66,20,6,12,65,43,22
2010-2011,5,Lazio,38,66,20,6,12,55,39,16
2010-2011,6,Roma,38,63,18,9,11,59,52,7
2010-2011,7,Juventus,38,58,15,13,10,57,47,10
2010-2011,8,Palermo,38,56,17,5,16,58,63,-5
2010-2011,9,Fiorentina,38,51,12,15,11,49,44,5
2010-2011,10,Genoa,38,51,14,9,15,45,47,-2
2010-2011,11,Chievo,38,46,11,13,14,38,40,-2
2010-2011,12,Parma,38,46,11,13,14,39,47,-8
2010-2011,13,Catania,38,46,12,10,16,40,52,-12
2010-2011,14,Cagliari,38,45,12,9,17,44,51,-7
2010-2011,15,Cesena,38,43,11,10,17,38,50,-12
2010-2011,16,Bologna,38,42,11,12,15,35,52,-17
2010-2011,17,Lecce,38,41,11,8,19,46,66,-20
2010-2011,18,Sampdoria,38,36,8,12,18,33,49,-16
2010-2011,19,Brescia,38,32,7,11,20,34,52,-18
2010-2011,20,Bari,38,24,5,9,24,27,56,-29
2011-2012,1,JUVENTUS,38,84,23,15,0,68,20,48
2011-2012,2,Milan,38,80,24,8,6,74,33,41
2011-2012,3,Udinese,38,64,18,10,10,52,35,17
2011-2012,4,Lazio,38,62,18,8,12,56,47,9
2011-2012,5,Napoli,38,61,16,13,9,66,46,20
2011-2012,6,Inter,38,58,17,7,14,58,55,3
2011-2012,7,Roma,38,56,16,8,14,60,54,6
2011-2012,8,Parma,38,56,15,11,12,54,53,1
2011-2012,9,Bologna,38,51,13,12,13,41,43,-2
2011-2012,10,Chievo,38,49,12,13,13,35,45,-10
2011-2012,11,Catania,38,48,11,15,12,47,52,-5
2011-2012,12,Atalanta,38,46,13,13,12,41,43,-2
2011-2012,13,Fiorentina,38,46,11,13,14,37,43,-6
2011-2012,14,Siena,38,44,11,11,16,45,45,0
2011-2012,15,Cagliari,38,43,10,13,15,37,46,-9
2011-2012,16,Palermo,38,43,11,10,17,52,62,-10
2011-2012,17,Genoa,38,42,11,9,18,50,69,-19
2011-2012,18,Lecce,38,36,8,12,18,40,56,-16
2011-2012,19,Novara,38,32,7,11,20,35,65,-30
2011-2012,20,Cesena,38,22,4,10,24,24,60,-36
2012-2013,1,JUVENTUS,38,87,27,6,5,71,24,47
2012-2013,2,Napoli,38,78,23,9,6,73,36,37
2012-2013,3,Milan,38,72,21,9,8,67,39,28
2012-2013,4,Fiorentina,38,70,21,7,10,72,44,28
2012-2013,5,Udinese,38,66,18,12,8,59,45,14
2012-2013,6,Roma,38,62,18,8,12,71,56,15
2012-2013,7,Lazio,38,61,18,7,13,51,42,9
2012-2013,8,Catania,38,56,15,11,12,50,46,4
2012-2013,9,Inter,38,54,16,6,16,55,57,-2
2012-2013,10,Parma,38,49,13,10,15,45,46,-1
2012-2013,11,Cagliari,38,47,12,11,15,43,55,-12
2012-2013,12,Chievo,38,45,12,9,17,37,52,-15
2012-2013,13,Bologna,38,44,11,11,16,46,52,-6
2012-2013,14,Sampdoria,38,42,11,10,17,43,51,-8
2012-2013,15,Atalanta,38,40,11,9,18,39,56,-17
2012-2013,16,Torino,38,39,8,16,14,46,55,-9
2012-2013,17,Genoa,38,38,8,14,16,38,52,-14
2012-2013,18,Palermo,38,32,6,14,18,34,54,-20
2012-2013,19,Siena,38,30,9,9,20,36,57,-21
2012-2013,20,Pescara,38,22,6,4,28,27,84,-57
2013-2014,1,JUVENTUS,38,102,33,3,2,80,23,57
2013-2014,2,Roma,38,85,26,7,5,72,25,47
2013-2014,3,Napoli,38,78,23,9,6,77,39,38
2013-2014,4,Fiorentina,38,65,19,8,11,65,44,21
2013-2014,5,Inter,38,60,15,15,8,62,39,23
2013-2014,6,Parma,38,58,15,13,10,58,46,12
2013-2014,7,Torino,38,57,15,12,11,58,48,10
2013-2014,8,Milan,38,57,16,9,13,57,49,8
2013-2014,9,Lazio,38,56,15,11,12,54,54,0
2013-2014,10,Verona,38,54,16,6,16,62,68,-6
2013-2014,11,Atalanta,38,50,15,5,18,43,51,-8
2013-2014,12,Sampdoria,38,45,12,9,17,48,62,-14
2013-2014,13,Udinese,38,44,12,8,18,46,57,-11
2013-2014,14,Genoa,38,44,11,11,16,41,50,-9
2013-2014,15,Cagliari,38,39,9,12,17,34,53,-19
2013-2014,16,Chievo,38,36,10,6,22,34,54,-20
2013-2014,17,Sassuolo,38,34,9,7,22,43,72,-29
2013-2014,18,Catania,38,32,8,8,22,34,66,-32
2013-2014,19,Bologna,38,29,5,14,19,28,58,-30
2013-2014,20,Livorno,38,25,6,7,25,39,77,-38
2014-2015,1,JUVENTUS,38,87,26,9,3,72,24,48
2014-2015,2,Roma,38,70,19,13,6,54,31,23
2014-2015,3,Lazio,38,69,21,6,11,71,38,33
2014-2015,4,Fiorentina,38,64,18,10,10,61,46,15
2014-2015,5,Napoli,38,63,18,9,11,70,54,16
2014-2015,6,Genoa,38,59,16,11,11,62,47,15
2014-2015,7,Sampdoria,38,56,13,17,8,48,42,6
2014-2015,8,Inter,38,55,14,13,11,59,48,11
2014-2015,9,Torino,38,54,14,12,12,48,45,3
2014-2015,10,Milan,38,52,13,13,12,56,50,6
2014-2015,11,Palermo,38,49,12,13,13,53,55,-2
2014-2015,12,Sassuolo,38,49,12,13,13,49,57,-8
2014-2015,13,Verona,38,46,11,13,14,49,65,-16
2014-2015,14,Chievo,38,43,10,13,15,28,41,-13
2014-2015,15,Empoli,38,42,8,18,12,46,52,-6
2014-2015,16,Udinese,38,41,10,11,17,43,56,-13
2014-2015,17,Atalanta,38,37,7,16,15,38,57,-19
2014-2015,18,Cagliari,38,34,8,10,20,48,68,-20
2014-2015,19,Cesena,38,24,4,12,22,36,73,-37
2014-2015,20,Parma,38,19,6,8,24,33,75,-42
2015-2016,1,JUVENTUS,38,91,29,4,5,75,20,55
2015-2016,2,Napoli,38,82,25,7,6,80,32,48
2015-2016,3,Roma,38,80,23,11,4,83,41,42
2015-2016,4,Inter,38,67,20,7,11,50,38,12
2015-2016,5,Fiorentina,38,64,18,10,10,60,42,18
2015-2016,6,Sassuolo,38,61,16,13,9,49,40,9
2015-2016,7,Milan,38,57,15,12,11,49,43,6
2015-2016,8,Lazio,38,54,15,9,14,52,52,0
2015-2016,9,Chievo,38,50,13,11,14,43,45,-2
2015-2016,10,Empoli,38,46,12,10,16,40,49,-9
2015-2016,11,Genoa,38,46,13,7,18,45,48,-3
2015-2016,12,Torino,38,45,12,9,17,52,55,-3
2015-2016,13,Atalanta,38,45,11,12,15,41,47,-6
2015-2016,14,Bologna,38,42,11,9,18,33,45,-12
2015-2016,15,Sampdoria,38,40,10,10,18,48,61,-13
2015-2016,16,Palermo,38,39,10,9,19,38,65,-27
2015-2016,17,Udinese,38,39,10,9,19,35,60,-25
2015-2016,18,Carpi,38,38,9,11,18,37,57,-20
2015-2016,19,Frosinone,38,31,8,7,23,35,76,-41
2015-2016,20,Verona,38,28,5,13,20,34,63,-29
2016-2017,1,JUVENTUS,38,91,29,4,5,77,27,50
2016-2017,2,Roma,38,87,28,3,7,90,38,52
2016-2017,3,Napoli,38,86,26,8,4,94,39,55
2016-2017,4,Atalanta,38,72,21,9,8,62,41,21
2016-2017,5,Lazio,38,70,21,7,10,74,51,23
2016-2017,6,Milan,38,63,18,9,11,57,45,12
2016-2017,7,Inter,38,62,19,5,14,72,49,23
2016-2017,8,Fiorentina,38,60,16,12,10,63,57,6
2016-2017,9,Torino,38,53,13,14,11,71,66,5
2016-2017,10,Sampdoria,38,48,12,12,14,49,55,-6
2016-2017,11,Cagliari,38,47,14,5,19,55,76,-21
2016-2017,12,Sassuolo,38,46,13,7,18,58,63,-5
2016-2017,13,Udinese,38,45,12,9,17,47,56,-9
2016-2017,14,Chievo,38,43,12,7,19,43,61,-18
2016-2017,15,Bologna,38,41,11,8,19,40,58,-18
2016-2017,16,Genoa,38,36,9,9,20,38,64,-26
2016-2017,17,Crotone,38,34,9,7,22,34,58,-24
2016-2017,18,Empoli,38,32,8,8,22,29,61,-32
2016-2017,19,Palermo,38,26,6,8,24,33,77,-44
2016-2017,20,Pescara,38,18,3,9,26,37,81,-44
2017-2018,1,JUVENTUS,38,95,30,5,3,86,24,62
2017-2018,2,Napoli,38,91,28,7,3,77,29,48
2017-2018,3,Roma,38,77,23,8,7,61,28,33
2017-2018,4,Inter,38,72,20,12,6,66,30,36
2017-2018,5,Lazio,38,72,21,9,8,89,49,40
2017-2018,6,Milan,38,64,18,10,10,56,42,14
2017-2018,7,Atalanta,38,60,16,12,10,57,39,18
2017-2018,8,Fiorentina,38,57,16,9,13,54,46,8
2017-2018,9,Torino,38,54,13,15,10,54,46,8
2017-2018,10,Sampdoria,38,54,16,6,16,56,60,-4
2017-2018,11,Sassuolo,38,43,11,10,17,29,59,-30
2017-2018,12,Genoa,38,41,11,8,19,33,43,-10
2017-2018,13,Chievo,38,40,10,10,18,36,59,-23
2017-2018,14,Udinese,38,40,12,4,22,48,63,-15
2017-2018,15,Bologna,38,39,11,6,21,40,52,-12
2017-2018,16,Cagliari,38,39,11,6,21,33,61,-28
2017-2018,17,Spal,38,38,8,14,16,39,59,-20
2017-2018,18,Crotone,38,35,9,8,21,40,66,-26
2017-2018,19,Verona,38,25,7,4,27,30,78,-48
2017-2018,20,Benevento,38,21,6,3,29,33,84,-51
